-- Insert top 500 cities with proper search rankings and descriptions
INSERT INTO cities (name, slug, country, country_code, lat, lon, population, search_rank, description) VALUES
-- Top 50 Global Cities
('London', 'london', 'United Kingdom', 'GB', 51.5074, -0.1278, 9000000, 500, 'London is the capital and largest city of England and the United Kingdom, situated on the River Thames.'),
('New York', 'new-york', 'United States', 'US', 40.7128, -74.0060, 8400000, 499, 'New York City is the most populous city in the United States, located at the southern tip of New York State.'),
('Paris', 'paris', 'France', 'FR', 48.8566, 2.3522, 2200000, 498, 'Paris is the capital of France, known for the Eiffel Tower, Louvre Museum, and its cafe culture.'),
('Los Angeles', 'los-angeles', 'United States', 'US', 34.0522, -118.2437, 4000000, 497, 'Los Angeles is a sprawling Southern California city known for Hollywood and its Mediterranean climate.'),
('Tokyo', 'tokyo', 'Japan', 'JP', 35.6762, 139.6503, 14000000, 496, 'Tokyo is Japan''s capital and the world''s most populous metropolitan area.'),
('Sydney', 'sydney', 'Australia', 'AU', -33.8688, 151.2093, 5300000, 495, 'Sydney is Australia''s largest city, famous for its harbourfront Opera House.'),
('Dubai', 'dubai', 'United Arab Emirates', 'AE', 25.2048, 55.2708, 3400000, 494, 'Dubai is a city in the United Arab Emirates known for luxury shopping and ultramodern architecture.'),
('Singapore', 'singapore', 'Singapore', 'SG', 1.3521, 103.8198, 5700000, 493, 'Singapore is a global financial hub and island city-state in Southeast Asia.'),
('Hong Kong', 'hong-kong', 'China', 'HK', 22.3193, 114.1694, 7500000, 492, 'Hong Kong is a special administrative region of China, known for its skyline and harbor.'),
('Rome', 'rome', 'Italy', 'IT', 41.9028, 12.4964, 2900000, 491, 'Rome is Italy''s capital, a sprawling city with nearly 3,000 years of globally influential art and architecture.'),
('Barcelona', 'barcelona', 'Spain', 'ES', 41.3851, 2.1734, 1600000, 490, 'Barcelona is the capital of Catalonia, known for Gaudí''s architecture and Mediterranean beaches.'),
('Amsterdam', 'amsterdam', 'Netherlands', 'NL', 52.3676, 4.9041, 870000, 489, 'Amsterdam is the Netherlands'' capital, known for its canals, narrow houses, and cycling culture.'),
('Berlin', 'berlin', 'Germany', 'DE', 52.5200, 13.4050, 3600000, 488, 'Berlin is Germany''s capital, known for its history, art scene, and nightlife.'),
('Toronto', 'toronto', 'Canada', 'CA', 43.6532, -79.3832, 2900000, 487, 'Toronto is Canada''s largest city, a dynamic metropolis with a core of soaring skyscrapers.'),
('San Francisco', 'san-francisco', 'United States', 'US', 37.7749, -122.4194, 880000, 486, 'San Francisco is a hilly city in Northern California known for the Golden Gate Bridge and cable cars.'),
('Chicago', 'chicago', 'United States', 'US', 41.8781, -87.6298, 2700000, 485, 'Chicago is a city on Lake Michigan known for bold architecture and deep-dish pizza.'),
('Miami', 'miami', 'United States', 'US', 25.7617, -80.1918, 470000, 484, 'Miami is a coastal city in southeastern Florida known for beaches, Art Deco architecture, and Latin culture.'),
('Las Vegas', 'las-vegas', 'United States', 'US', 36.1699, -115.1398, 640000, 483, 'Las Vegas is a resort city in Nevada known for casinos, entertainment, and nightlife.'),
('Bangkok', 'bangkok', 'Thailand', 'TH', 13.7563, 100.5018, 10500000, 482, 'Bangkok is Thailand''s capital, known for ornate temples, street food, and vibrant nightlife.'),
('Madrid', 'madrid', 'Spain', 'ES', 40.4168, -3.7038, 3200000, 481, 'Madrid is Spain''s central capital, known for elegant boulevards, the Royal Palace, and world-class art museums.'),
('Munich', 'munich', 'Germany', 'DE', 48.1351, 11.5820, 1500000, 480, 'Munich is Bavaria''s capital, known for Oktoberfest, beer halls, and its proximity to the Alps.'),
('Vienna', 'vienna', 'Austria', 'AT', 48.2082, 16.3738, 1900000, 479, 'Vienna is Austria''s capital, known for imperial palaces, classical music heritage, and coffee house culture.'),
('Prague', 'prague', 'Czech Republic', 'CZ', 50.0755, 14.4378, 1300000, 478, 'Prague is the capital of the Czech Republic, known for Old Town Square and Prague Castle.'),
('Dublin', 'dublin', 'Ireland', 'IE', 53.3498, -6.2603, 550000, 477, 'Dublin is Ireland''s capital, known for its literary history, Georgian architecture, and lively pubs.'),
('Lisbon', 'lisbon', 'Portugal', 'PT', 38.7223, -9.1393, 550000, 476, 'Lisbon is Portugal''s hilly coastal capital, known for pastel buildings, historic trams, and pastéis de nata.'),
('Athens', 'athens', 'Greece', 'GR', 37.9838, 23.7275, 660000, 475, 'Athens is the capital of Greece, known for the Acropolis and Parthenon.'),
('Istanbul', 'istanbul', 'Turkey', 'TR', 41.0082, 28.9784, 15500000, 474, 'Istanbul is a major city straddling Europe and Asia, known for the Hagia Sophia and Grand Bazaar.'),
('Moscow', 'moscow', 'Russia', 'RU', 55.7558, 37.6173, 12500000, 473, 'Moscow is Russia''s capital, known for Red Square, the Kremlin, and St. Basil''s Cathedral.'),
('Beijing', 'beijing', 'China', 'CN', 39.9042, 116.4074, 21500000, 472, 'Beijing is China''s capital, known for the Forbidden City and its role as a political center.'),
('Shanghai', 'shanghai', 'China', 'CN', 31.2304, 121.4737, 24200000, 471, 'Shanghai is China''s biggest city, a global financial hub with the Pudong skyline.'),
('Seoul', 'seoul', 'South Korea', 'KR', 37.5665, 126.9780, 9700000, 470, 'Seoul is South Korea''s capital, a vast metropolis blending ancient temples with modern skyscrapers.'),
('Mumbai', 'mumbai', 'India', 'IN', 19.0760, 72.8777, 20400000, 469, 'Mumbai is India''s largest city, the financial capital and home of Bollywood.'),
('Delhi', 'delhi', 'India', 'IN', 28.7041, 77.1025, 16800000, 468, 'Delhi is India''s capital territory, encompassing Old Delhi and New Delhi.'),
('Cairo', 'cairo', 'Egypt', 'EG', 30.0444, 31.2357, 9500000, 467, 'Cairo is Egypt''s capital, home to the Pyramids of Giza on its outskirts.'),
('Cape Town', 'cape-town', 'South Africa', 'ZA', -33.9249, 18.4241, 4600000, 466, 'Cape Town is South Africa''s legislative capital, known for Table Mountain and its harbor.'),
('Melbourne', 'melbourne', 'Australia', 'AU', -37.8136, 144.9631, 5000000, 465, 'Melbourne is Australia''s second-largest city, known for street art, coffee culture, and sports.'),
('Auckland', 'auckland', 'New Zealand', 'NZ', -36.8509, 174.7645, 1500000, 464, 'Auckland is New Zealand''s largest city, built around two harbors.'),
('Vancouver', 'vancouver', 'Canada', 'CA', 49.2827, -123.1207, 2500000, 463, 'Vancouver is a coastal city in western Canada known for mountains, ocean, and outdoor activities.'),
('Montreal', 'montreal', 'Canada', 'CA', 45.5017, -73.5673, 1800000, 462, 'Montreal is Quebec''s largest city, known for French heritage and vibrant cultural scene.'),
('Seattle', 'seattle', 'United States', 'US', 47.6062, -122.3321, 750000, 461, 'Seattle is a city on Puget Sound known for tech industry, coffee culture, and the Space Needle.'),
('Boston', 'boston', 'United States', 'US', 42.3601, -71.0589, 700000, 460, 'Boston is Massachusetts'' capital, one of America''s oldest cities with rich colonial history.'),
('Washington', 'washington', 'United States', 'US', 38.9072, -77.0369, 700000, 459, 'Washington, D.C. is the U.S. capital, home to the White House, Capitol, and national monuments.'),
('Denver', 'denver', 'United States', 'US', 39.7392, -104.9903, 730000, 458, 'Denver is Colorado''s capital, known as the Mile High City for its elevation.'),
('Dallas', 'dallas', 'United States', 'US', 32.7767, -96.7970, 1300000, 457, 'Dallas is a major city in Texas known for its modern architecture and cultural districts.'),
('Houston', 'houston', 'United States', 'US', 29.7604, -95.3698, 2300000, 456, 'Houston is Texas'' largest city, home to NASA''s Space Center.'),
('Atlanta', 'atlanta', 'United States', 'US', 33.7490, -84.3880, 500000, 455, 'Atlanta is Georgia''s capital, a major hub for business, culture, and civil rights history.'),
('Philadelphia', 'philadelphia', 'United States', 'US', 39.9526, -75.1652, 1600000, 454, 'Philadelphia is Pennsylvania''s largest city, known for the Liberty Bell and Independence Hall.'),
('Phoenix', 'phoenix', 'United States', 'US', 33.4484, -112.0740, 1700000, 453, 'Phoenix is Arizona''s capital, located in the Sonoran Desert with year-round sun.'),
('San Diego', 'san-diego', 'United States', 'US', 32.7157, -117.1611, 1400000, 452, 'San Diego is a California city on the Pacific coast known for beaches and the zoo.'),
('Orlando', 'orlando', 'United States', 'US', 28.5383, -81.3792, 290000, 451, 'Orlando is a Florida city known for Walt Disney World and other theme parks.'),

-- European Cities (450-401)
('Brussels', 'brussels', 'Belgium', 'BE', 50.8503, 4.3517, 1200000, 450, 'Brussels is Belgium''s capital and the de facto capital of the European Union.'),
('Zurich', 'zurich', 'Switzerland', 'CH', 47.3769, 8.5417, 430000, 449, 'Zurich is Switzerland''s largest city, a global center for banking and finance.'),
('Copenhagen', 'copenhagen', 'Denmark', 'DK', 55.6761, 12.5683, 650000, 448, 'Copenhagen is Denmark''s capital, known for colorful Nyhavn harbor and royal palaces.'),
('Stockholm', 'stockholm', 'Sweden', 'SE', 59.3293, 18.0686, 980000, 447, 'Stockholm is Sweden''s capital, spread across 14 islands connected by bridges.'),
('Oslo', 'oslo', 'Norway', 'NO', 59.9139, 10.7522, 700000, 446, 'Oslo is Norway''s capital, known for green spaces and Viking Ship Museum.'),
('Helsinki', 'helsinki', 'Finland', 'FI', 60.1699, 24.9384, 660000, 445, 'Helsinki is Finland''s capital on a peninsula in the Gulf of Finland.'),
('Warsaw', 'warsaw', 'Poland', 'PL', 52.2297, 21.0122, 1800000, 444, 'Warsaw is Poland''s capital, rebuilt after WWII with a mix of architecture.'),
('Budapest', 'budapest', 'Hungary', 'HU', 47.4979, 19.0402, 1750000, 443, 'Budapest is Hungary''s capital, bisected by the Danube River.'),
('Edinburgh', 'edinburgh', 'United Kingdom', 'GB', 55.9533, -3.1883, 540000, 442, 'Edinburgh is Scotland''s capital, known for its medieval Old Town and Georgian New Town.'),
('Manchester', 'manchester', 'United Kingdom', 'GB', 53.4808, -2.2426, 550000, 441, 'Manchester is a major city in England known for its industrial heritage and football clubs.'),
('Birmingham', 'birmingham', 'United Kingdom', 'GB', 52.4862, -1.8904, 1140000, 440, 'Birmingham is England''s second-largest city, known for its industrial history.'),
('Glasgow', 'glasgow', 'United Kingdom', 'GB', 55.8642, -4.2518, 630000, 439, 'Glasgow is Scotland''s largest city, known for Victorian architecture and art galleries.'),
('Liverpool', 'liverpool', 'United Kingdom', 'GB', 53.4084, -2.9916, 500000, 438, 'Liverpool is a maritime city in England, birthplace of The Beatles.'),
('Frankfurt', 'frankfurt', 'Germany', 'DE', 50.1109, 8.6821, 750000, 437, 'Frankfurt is a German financial hub, home to the European Central Bank.'),
('Hamburg', 'hamburg', 'Germany', 'DE', 53.5488, 9.9872, 1900000, 436, 'Hamburg is Germany''s second-largest city, a major port on the Elbe River.'),
('Cologne', 'cologne', 'Germany', 'DE', 50.9375, 6.9603, 1100000, 435, 'Cologne is a German city on the Rhine, known for its Gothic cathedral.'),
('Milan', 'milan', 'Italy', 'IT', 45.4642, 9.1900, 1400000, 434, 'Milan is a global fashion and design capital in northern Italy.'),
('Naples', 'naples', 'Italy', 'IT', 40.8518, 14.2681, 970000, 433, 'Naples is a southern Italian city known for pizza and proximity to Pompeii.'),
('Venice', 'venice', 'Italy', 'IT', 45.4408, 12.3155, 260000, 432, 'Venice is built on more than 100 small islands in a lagoon in the Adriatic Sea.'),
('Florence', 'florence', 'Italy', 'IT', 43.7696, 11.2558, 380000, 431, 'Florence is the capital of Tuscany, birthplace of the Renaissance.'),
('Turin', 'turin', 'Italy', 'IT', 45.0703, 7.6869, 870000, 430, 'Turin is the capital of Piedmont in northern Italy, known for baroque architecture.'),
('Valencia', 'valencia', 'Spain', 'ES', 39.4699, -0.3763, 790000, 429, 'Valencia is a port city on Spain''s southeastern coast, known for paella.'),
('Seville', 'seville', 'Spain', 'ES', 37.3886, -5.9823, 690000, 428, 'Seville is the capital of Andalusia, known for flamenco and Gothic cathedral.'),
('Bilbao', 'bilbao', 'Spain', 'ES', 43.2627, -2.9253, 350000, 427, 'Bilbao is a Basque city known for the Guggenheim Museum.'),
('Porto', 'porto', 'Portugal', 'PT', 41.1579, -8.6291, 240000, 426, 'Porto is a coastal city in Portugal known for port wine production.'),
('Nice', 'nice', 'France', 'FR', 43.7102, 7.2620, 340000, 425, 'Nice is a city on the French Riviera, known for pebble beaches and Promenade des Anglais.'),
('Lyon', 'lyon', 'France', 'FR', 45.7640, 4.8357, 520000, 424, 'Lyon is a city in France''s Rhône-Alpes region, known for cuisine and Renaissance architecture.'),
('Marseille', 'marseille', 'France', 'FR', 43.2965, 5.3698, 870000, 423, 'Marseille is a port city in southern France, gateway to the Mediterranean.'),
('Bordeaux', 'bordeaux', 'France', 'FR', 44.8378, -0.5792, 250000, 422, 'Bordeaux is a port city in southwestern France, known for wine.'),
('Geneva', 'geneva', 'Switzerland', 'CH', 46.2044, 6.1432, 200000, 421, 'Geneva is a Swiss city, home to UN headquarters and Red Cross.'),
('Luxembourg', 'luxembourg', 'Luxembourg', 'LU', 49.6117, 6.1300, 125000, 420, 'Luxembourg City is the capital of Luxembourg, known for fortified medieval old town.'),
('Bratislava', 'bratislava', 'Slovakia', 'SK', 48.1486, 17.1077, 430000, 419, 'Bratislava is Slovakia''s capital on the Danube River.'),
('Ljubljana', 'ljubljana', 'Slovenia', 'SI', 46.0569, 14.5058, 290000, 418, 'Ljubljana is Slovenia''s capital, known for green spaces and university population.'),
('Zagreb', 'zagreb', 'Croatia', 'HR', 45.8150, 15.9819, 800000, 417, 'Zagreb is Croatia''s capital, known for 18th and 19th-century Austro-Hungarian architecture.'),
('Belgrade', 'belgrade', 'Serbia', 'RS', 44.7866, 20.4489, 1400000, 416, 'Belgrade is Serbia''s capital at the confluence of the Danube and Sava rivers.'),
('Bucharest', 'bucharest', 'Romania', 'RO', 44.4268, 26.1025, 1900000, 415, 'Bucharest is Romania''s capital, known for its Belle Époque buildings.'),
('Sofia', 'sofia', 'Bulgaria', 'BG', 42.6977, 23.3219, 1300000, 414, 'Sofia is Bulgaria''s capital, at the foot of Vitosha mountain.'),
('Tallinn', 'tallinn', 'Estonia', 'EE', 59.4370, 24.7535, 440000, 413, 'Tallinn is Estonia''s capital on the Baltic Sea, known for preserved Old Town.'),
('Riga', 'riga', 'Latvia', 'LV', 56.9496, 24.1052, 630000, 412, 'Riga is Latvia''s capital, known for Art Nouveau architecture.'),
('Vilnius', 'vilnius', 'Lithuania', 'LT', 54.6872, 25.2797, 580000, 411, 'Vilnius is Lithuania''s capital, known for baroque architecture in Old Town.'),
('Krakow', 'krakow', 'Poland', 'PL', 50.0647, 19.9450, 780000, 410, 'Krakow is a city in southern Poland, known for medieval core and Jewish quarter.'),
('Gdansk', 'gdansk', 'Poland', 'PL', 54.3520, 18.6466, 470000, 409, 'Gdansk is a Polish city on the Baltic coast, center of the world''s amber trade.'),
('Rotterdam', 'rotterdam', 'Netherlands', 'NL', 51.9225, 4.4792, 650000, 408, 'Rotterdam is a major port city in the Netherlands, known for modern architecture.'),
('The Hague', 'the-hague', 'Netherlands', 'NL', 52.0705, 4.3007, 540000, 407, 'The Hague is the seat of the Dutch government and the International Court of Justice.'),
('Utrecht', 'utrecht', 'Netherlands', 'NL', 52.0907, 5.1214, 360000, 406, 'Utrecht is a city in the Netherlands, known for canals and medieval center.'),
('Antwerp', 'antwerp', 'Belgium', 'BE', 51.2194, 4.4025, 530000, 405, 'Antwerp is a port city in Belgium, known for diamonds and fashion.'),
('Ghent', 'ghent', 'Belgium', 'BE', 51.0543, 3.7174, 260000, 404, 'Ghent is a city in Belgium, known for medieval architecture.'),
('Bruges', 'bruges', 'Belgium', 'BE', 51.2093, 3.2247, 120000, 403, 'Bruges is a city in Belgium, known for canals and medieval buildings.'),
('Basel', 'basel', 'Switzerland', 'CH', 47.5596, 7.5886, 175000, 402, 'Basel is a Swiss city on the Rhine River, near borders with France and Germany.'),
('Bern', 'bern', 'Switzerland', 'CH', 46.9479, 7.4474, 140000, 401, 'Bern is Switzerland''s capital, with medieval architecture in Altstadt.'),

-- Asian Cities (400-351)
('Osaka', 'osaka', 'Japan', 'JP', 34.6937, 135.5023, 2700000, 400, 'Osaka is a large port city in Japan, known for modern architecture and street food.'),
('Kyoto', 'kyoto', 'Japan', 'JP', 35.0116, 135.7681, 1500000, 399, 'Kyoto is famous for numerous classical Buddhist temples and gardens.'),
('Taipei', 'taipei', 'Taiwan', 'TW', 25.0330, 121.5654, 2700000, 398, 'Taipei is Taiwan''s capital, known for Taipei 101 skyscraper and night markets.'),
('Kuala Lumpur', 'kuala-lumpur', 'Malaysia', 'MY', 3.1390, 101.6869, 1800000, 397, 'Kuala Lumpur is Malaysia''s capital, known for Petronas Twin Towers.'),
('Jakarta', 'jakarta', 'Indonesia', 'ID', -6.2088, 106.8456, 10600000, 396, 'Jakarta is Indonesia''s capital on the island of Java.'),
('Manila', 'manila', 'Philippines', 'PH', 14.5995, 120.9842, 1800000, 395, 'Manila is the capital of the Philippines, on Manila Bay.'),
('Ho Chi Minh City', 'ho-chi-minh-city', 'Vietnam', 'VN', 10.8231, 106.6297, 9000000, 394, 'Ho Chi Minh City (Saigon) is Vietnam''s largest city.'),
('Hanoi', 'hanoi', 'Vietnam', 'VN', 21.0285, 105.8542, 8000000, 393, 'Hanoi is Vietnam''s capital, known for centuries-old architecture.'),
('Phnom Penh', 'phnom-penh', 'Cambodia', 'KH', 11.5564, 104.9282, 2200000, 392, 'Phnom Penh is Cambodia''s capital at the junction of the Mekong and Tonlé Sap rivers.'),
('Yangon', 'yangon', 'Myanmar', 'MM', 16.8661, 96.1951, 5200000, 391, 'Yangon (Rangoon) is Myanmar''s largest city, known for colonial architecture.'),
('Colombo', 'colombo', 'Sri Lanka', 'LK', 6.9271, 79.8612, 750000, 390, 'Colombo is Sri Lanka''s capital, a port city on the west coast.'),
('Bangalore', 'bangalore', 'India', 'IN', 12.9716, 77.5946, 12400000, 389, 'Bangalore is India''s tech hub, known as the Silicon Valley of India.'),
('Chennai', 'chennai', 'India', 'IN', 13.0827, 80.2707, 10900000, 388, 'Chennai is a major city in South India, on the Bay of Bengal.'),
('Kolkata', 'kolkata', 'India', 'IN', 22.5726, 88.3639, 14800000, 387, 'Kolkata is the capital of West Bengal, known for grand colonial architecture.'),
('Hyderabad', 'hyderabad', 'India', 'IN', 17.3850, 78.4867, 10000000, 386, 'Hyderabad is a major tech hub in South India, known for biryani and Charminar.'),
('Ahmedabad', 'ahmedabad', 'India', 'IN', 23.0225, 72.5714, 8000000, 385, 'Ahmedabad is the largest city in Gujarat, known for textile industry.'),
('Pune', 'pune', 'India', 'IN', 18.5204, 73.8567, 6400000, 384, 'Pune is a city in Maharashtra, known for education and IT industry.'),
('Jaipur', 'jaipur', 'India', 'IN', 26.9124, 75.7873, 3500000, 383, 'Jaipur is Rajasthan''s capital, known as the Pink City for its colored buildings.'),
('Lucknow', 'lucknow', 'India', 'IN', 26.8467, 80.9462, 3400000, 382, 'Lucknow is the capital of Uttar Pradesh, known for Nawabi heritage.'),
('Dhaka', 'dhaka', 'Bangladesh', 'BD', 23.8103, 90.4125, 21000000, 381, 'Dhaka is Bangladesh''s capital, one of the world''s most densely populated cities.'),
('Karachi', 'karachi', 'Pakistan', 'PK', 24.8607, 67.0011, 15400000, 380, 'Karachi is Pakistan''s largest city, a major port on the Arabian Sea.'),
('Lahore', 'lahore', 'Pakistan', 'PK', 31.5497, 74.3436, 12600000, 379, 'Lahore is the capital of Punjab province in Pakistan, known for Mughal architecture.'),
('Islamabad', 'islamabad', 'Pakistan', 'PK', 33.6844, 73.0479, 1100000, 378, 'Islamabad is Pakistan''s capital, a planned city built in the 1960s.'),
('Kathmandu', 'kathmandu', 'Nepal', 'NP', 27.7172, 85.3240, 1400000, 377, 'Kathmandu is Nepal''s capital, gateway to the Himalayas.'),
('Tashkent', 'tashkent', 'Uzbekistan', 'UZ', 41.2995, 69.2401, 2500000, 376, 'Tashkent is Uzbekistan''s capital, a city on the Silk Road.'),
('Almaty', 'almaty', 'Kazakhstan', 'KZ', 43.2220, 76.8512, 2000000, 375, 'Almaty is Kazakhstan''s largest city, at the foot of the Trans-Ili Alatau mountains.'),
('Nur-Sultan', 'nur-sultan', 'Kazakhstan', 'KZ', 51.1605, 71.4704, 1200000, 374, 'Nur-Sultan (Astana) is Kazakhstan''s capital, a planned city on the Ishim River.'),
('Baku', 'baku', 'Azerbaijan', 'AZ', 40.4093, 49.8671, 2300000, 373, 'Baku is Azerbaijan''s capital on the Caspian Sea, known for medieval walled city.'),
('Tbilisi', 'tbilisi', 'Georgia', 'GE', 41.7151, 44.8271, 1200000, 372, 'Tbilisi is Georgia''s capital, known for diverse architecture and sulfur baths.'),
('Yerevan', 'yerevan', 'Armenia', 'AM', 40.1792, 44.4991, 1100000, 371, 'Yerevan is Armenia''s capital, one of the world''s oldest continuously inhabited cities.'),
('Tehran', 'tehran', 'Iran', 'IR', 35.6892, 51.3890, 9100000, 370, 'Tehran is Iran''s capital, at the foot of the Alborz mountain range.'),
('Baghdad', 'baghdad', 'Iraq', 'IQ', 33.3152, 44.3661, 8100000, 369, 'Baghdad is Iraq''s capital on the Tigris River, once the center of the Islamic world.'),
('Damascus', 'damascus', 'Syria', 'SY', 33.5138, 36.2765, 2300000, 368, 'Damascus is Syria''s capital, one of the oldest continuously inhabited cities.'),
('Beirut', 'beirut', 'Lebanon', 'LB', 33.8938, 35.5018, 2400000, 367, 'Beirut is Lebanon''s capital on the Mediterranean coast.'),
('Amman', 'amman', 'Jordan', 'JO', 31.9454, 35.9284, 4500000, 366, 'Amman is Jordan''s capital, built on seven hills.'),
('Jerusalem', 'jerusalem', 'Israel', 'IL', 31.7683, 35.2137, 920000, 365, 'Jerusalem is a city sacred to Judaism, Christianity, and Islam.'),
('Tel Aviv', 'tel-aviv', 'Israel', 'IL', 32.0853, 34.7818, 460000, 364, 'Tel Aviv is Israel''s financial center on the Mediterranean coast.'),
('Kuwait City', 'kuwait-city', 'Kuwait', 'KW', 29.3759, 47.9774, 3100000, 363, 'Kuwait City is Kuwait''s capital on the Persian Gulf.'),
('Riyadh', 'riyadh', 'Saudi Arabia', 'SA', 24.7136, 46.6753, 7600000, 362, 'Riyadh is Saudi Arabia''s capital, a modern city in the desert.'),
('Jeddah', 'jeddah', 'Saudi Arabia', 'SA', 21.4858, 39.1925, 4600000, 361, 'Jeddah is a Saudi Arabian port city on the Red Sea, gateway to Mecca.'),
('Mecca', 'mecca', 'Saudi Arabia', 'SA', 21.3891, 39.8579, 2000000, 360, 'Mecca is Islam''s holiest city, birthplace of Prophet Muhammad.'),
('Medina', 'medina', 'Saudi Arabia', 'SA', 24.5247, 39.5692, 1500000, 359, 'Medina is one of Islam''s holiest cities, site of the Prophet''s Mosque.'),
('Doha', 'doha', 'Qatar', 'QA', 25.2854, 51.5310, 2400000, 358, 'Doha is Qatar''s capital on the Persian Gulf coast.'),
('Abu Dhabi', 'abu-dhabi', 'United Arab Emirates', 'AE', 24.4539, 54.3773, 1500000, 357, 'Abu Dhabi is the UAE''s capital, on an island in the Persian Gulf.'),
('Muscat', 'muscat', 'Oman', 'OM', 23.5859, 58.4059, 1500000, 356, 'Muscat is Oman''s capital, a port city on the Gulf of Oman.'),
('Manama', 'manama', 'Bahrain', 'BH', 26.2285, 50.5860, 680000, 355, 'Manama is Bahrain''s capital, a modern city with a thriving financial sector.'),
('Guangzhou', 'guangzhou', 'China', 'CN', 23.1291, 113.2644, 15300000, 354, 'Guangzhou is a major port city in southern China.'),
('Shenzhen', 'shenzhen', 'China', 'CN', 22.5431, 114.0579, 13400000, 353, 'Shenzhen is a modern city in China, linking Hong Kong to mainland China.'),
('Chengdu', 'chengdu', 'China', 'CN', 30.5728, 104.0668, 16600000, 352, 'Chengdu is the capital of Sichuan province, known for spicy cuisine and pandas.'),
('Xi''an', 'xian', 'China', 'CN', 34.3416, 108.9398, 12900000, 351, 'Xi''an is home to the Terracotta Army and eastern terminus of the Silk Road.'),

-- North American Cities (350-301)
('Austin', 'austin', 'United States', 'US', 30.2672, -97.7431, 990000, 350, 'Austin is Texas'' capital, known for live music and tech industry.'),
('Portland', 'portland', 'United States', 'US', 45.5152, -122.6784, 660000, 349, 'Portland is Oregon''s largest city, known for eco-friendliness and coffee culture.'),
('Sacramento', 'sacramento', 'United States', 'US', 38.5816, -121.4944, 520000, 348, 'Sacramento is California''s capital, at the confluence of two rivers.'),
('San Jose', 'san-jose', 'United States', 'US', 37.3382, -121.8863, 1030000, 347, 'San Jose is the heart of Silicon Valley in California.'),
('San Antonio', 'san-antonio', 'United States', 'US', 29.4241, -98.4936, 1550000, 346, 'San Antonio is a Texas city known for the Alamo and River Walk.'),
('Nashville', 'nashville', 'United States', 'US', 36.1627, -86.7816, 700000, 345, 'Nashville is Tennessee''s capital, known as Music City for country music heritage.'),
('New Orleans', 'new-orleans', 'United States', 'US', 29.9511, -90.0715, 390000, 344, 'New Orleans is known for Mardi Gras, jazz music, and Creole cuisine.'),
('Charlotte', 'charlotte', 'United States', 'US', 35.2271, -80.8431, 880000, 343, 'Charlotte is North Carolina''s largest city, a major financial center.'),
('Raleigh', 'raleigh', 'United States', 'US', 35.7796, -78.6382, 480000, 342, 'Raleigh is North Carolina''s capital, part of the Research Triangle.'),
('Tampa', 'tampa', 'United States', 'US', 27.9506, -82.4572, 400000, 341, 'Tampa is a city on Florida''s Gulf Coast, known for Cuban heritage.'),
('Jacksonville', 'jacksonville', 'United States', 'US', 30.3322, -81.6557, 950000, 340, 'Jacksonville is Florida''s largest city by area, on the Atlantic coast.'),
('Baltimore', 'baltimore', 'United States', 'US', 39.2904, -76.6122, 600000, 339, 'Baltimore is Maryland''s largest city, a major seaport with historic Inner Harbor.'),
('Pittsburgh', 'pittsburgh', 'United States', 'US', 40.4406, -79.9959, 300000, 338, 'Pittsburgh is known as the Steel City, at the confluence of three rivers.'),
('Cleveland', 'cleveland', 'United States', 'US', 41.4993, -81.6944, 380000, 337, 'Cleveland is an Ohio city on Lake Erie, home to the Rock and Roll Hall of Fame.'),
('Cincinnati', 'cincinnati', 'United States', 'US', 39.1031, -84.5120, 310000, 336, 'Cincinnati is an Ohio city on the Ohio River, known for chili and baseball.'),
('Indianapolis', 'indianapolis', 'United States', 'US', 39.7684, -86.1581, 880000, 335, 'Indianapolis is Indiana''s capital, known for the Indy 500 race.'),
('Columbus', 'columbus', 'United States', 'US', 39.9612, -82.9988, 900000, 334, 'Columbus is Ohio''s capital, home to Ohio State University.'),
('Detroit', 'detroit', 'United States', 'US', 42.3314, -83.0458, 670000, 333, 'Detroit is Michigan''s largest city, known as Motor City for auto industry.'),
('Milwaukee', 'milwaukee', 'United States', 'US', 43.0389, -87.9065, 590000, 332, 'Milwaukee is Wisconsin''s largest city on Lake Michigan, known for breweries.'),
('Minneapolis', 'minneapolis', 'United States', 'US', 44.9778, -93.2650, 430000, 331, 'Minneapolis forms Twin Cities with St. Paul, known for lakes and parks.'),
('St. Paul', 'st-paul', 'United States', 'US', 44.9537, -93.0900, 310000, 330, 'St. Paul is Minnesota''s capital, forming Twin Cities with Minneapolis.'),
('Kansas City', 'kansas-city', 'United States', 'US', 39.0997, -94.5786, 490000, 329, 'Kansas City straddles Missouri and Kansas, known for jazz and barbecue.'),
('St. Louis', 'st-louis', 'United States', 'US', 38.6270, -90.1994, 300000, 328, 'St. Louis is known for the Gateway Arch on the Mississippi River.'),
('Salt Lake City', 'salt-lake-city', 'United States', 'US', 40.7608, -111.8910, 200000, 327, 'Salt Lake City is Utah''s capital, near the Great Salt Lake.'),
('Albuquerque', 'albuquerque', 'United States', 'US', 35.0853, -106.6056, 560000, 326, 'Albuquerque is New Mexico''s largest city, on the Rio Grande.'),
('Tucson', 'tucson', 'United States', 'US', 32.2226, -110.9747, 550000, 325, 'Tucson is an Arizona city in the Sonoran Desert.'),
('Oklahoma City', 'oklahoma-city', 'United States', 'US', 35.4676, -97.5164, 700000, 324, 'Oklahoma City is Oklahoma''s capital, known for cowboy culture.'),
('Tulsa', 'tulsa', 'United States', 'US', 36.1540, -95.9928, 420000, 323, 'Tulsa is an Oklahoma city on the Arkansas River, known for Art Deco architecture.'),
('Memphis', 'memphis', 'United States', 'US', 35.1495, -90.0490, 630000, 322, 'Memphis is a Tennessee city on the Mississippi, birthplace of blues and rock ''n'' roll.'),
('Louisville', 'louisville', 'United States', 'US', 38.2527, -85.7585, 620000, 321, 'Louisville is Kentucky''s largest city, known for the Kentucky Derby.'),
('Richmond', 'richmond', 'United States', 'US', 37.5407, -77.4360, 230000, 320, 'Richmond is Virginia''s capital, with Civil War history.'),
('Virginia Beach', 'virginia-beach', 'United States', 'US', 36.8529, -75.9780, 450000, 319, 'Virginia Beach is a coastal city in Virginia with beaches and military bases.'),
('Buffalo', 'buffalo', 'United States', 'US', 42.8864, -78.8784, 260000, 318, 'Buffalo is a New York city on Lake Erie, near Niagara Falls.'),
('Rochester', 'rochester', 'United States', 'US', 43.1566, -77.6088, 210000, 317, 'Rochester is a New York city on Lake Ontario, known for photography history.'),
('Albany', 'albany', 'United States', 'US', 42.6526, -73.7562, 100000, 316, 'Albany is New York''s capital, on the Hudson River.'),
('Hartford', 'hartford', 'United States', 'US', 41.7658, -72.6734, 120000, 315, 'Hartford is Connecticut''s capital, known for insurance industry.'),
('Providence', 'providence', 'United States', 'US', 41.8240, -71.4128, 190000, 314, 'Providence is Rhode Island''s capital, known for Brown University.'),
('Calgary', 'calgary', 'Canada', 'CA', 51.0447, -114.0719, 1400000, 313, 'Calgary is an Alberta city, gateway to the Canadian Rockies.'),
('Edmonton', 'edmonton', 'Canada', 'CA', 53.5461, -113.4937, 1000000, 312, 'Edmonton is Alberta''s capital on the North Saskatchewan River.'),
('Ottawa', 'ottawa', 'Canada', 'CA', 45.4215, -75.6972, 1000000, 311, 'Ottawa is Canada''s capital, known for Parliament Hill.'),
('Quebec City', 'quebec-city', 'Canada', 'CA', 46.8139, -71.2080, 550000, 310, 'Quebec City is Quebec''s capital, with fortified colonial core.'),
('Winnipeg', 'winnipeg', 'Canada', 'CA', 49.8951, -97.1384, 780000, 309, 'Winnipeg is Manitoba''s capital at the confluence of two rivers.'),
('Halifax', 'halifax', 'Canada', 'CA', 44.6488, -63.5752, 440000, 308, 'Halifax is Nova Scotia''s capital, a major Atlantic port.'),
('Mexico City', 'mexico-city', 'Mexico', 'MX', 19.4326, -99.1332, 9200000, 307, 'Mexico City is Mexico''s capital, built on an ancient Aztec city.'),
('Guadalajara', 'guadalajara', 'Mexico', 'MX', 20.6597, -103.3496, 5200000, 306, 'Guadalajara is Mexico''s second-largest city, known for mariachi and tequila.'),
('Monterrey', 'monterrey', 'Mexico', 'MX', 25.6866, -100.3161, 5300000, 305, 'Monterrey is a major industrial city in northeastern Mexico.'),
('Cancun', 'cancun', 'Mexico', 'MX', 21.1619, -86.8515, 890000, 304, 'Cancun is a Mexican resort city on the Yucatan Peninsula.'),
('Tijuana', 'tijuana', 'Mexico', 'MX', 32.5149, -117.0382, 2200000, 303, 'Tijuana is a Mexican border city south of California.'),
('Havana', 'havana', 'Cuba', 'CU', 23.1136, -82.3666, 2100000, 302, 'Havana is Cuba''s capital, known for colorful buildings and vintage cars.'),
('San Juan', 'san-juan', 'Puerto Rico', 'PR', 18.4655, -66.1057, 320000, 301, 'San Juan is Puerto Rico''s capital, with Spanish colonial buildings.'),

-- South American Cities (300-251)
('Buenos Aires', 'buenos-aires', 'Argentina', 'AR', -34.6037, -58.3816, 3100000, 300, 'Buenos Aires is Argentina''s capital, known for tango and European architecture.'),
('São Paulo', 'sao-paulo', 'Brazil', 'BR', -23.5505, -46.6333, 12300000, 299, 'São Paulo is Brazil''s largest city, a major financial center.'),
('Rio de Janeiro', 'rio-de-janeiro', 'Brazil', 'BR', -22.9068, -43.1729, 6700000, 298, 'Rio de Janeiro is known for Christ the Redeemer, beaches, and Carnival.'),
('Brasília', 'brasilia', 'Brazil', 'BR', -15.7975, -47.8919, 3100000, 297, 'Brasília is Brazil''s capital, a planned city with modernist architecture.'),
('Salvador', 'salvador', 'Brazil', 'BR', -12.9714, -38.5014, 2900000, 296, 'Salvador is a Brazilian coastal city known for Portuguese colonial architecture.'),
('Belo Horizonte', 'belo-horizonte', 'Brazil', 'BR', -19.9167, -43.9345, 2500000, 295, 'Belo Horizonte is a Brazilian city surrounded by mountains.'),
('Porto Alegre', 'porto-alegre', 'Brazil', 'BR', -30.0346, -51.2177, 1500000, 294, 'Porto Alegre is a major city in southern Brazil.'),
('Recife', 'recife', 'Brazil', 'BR', -8.0476, -34.8770, 1600000, 293, 'Recife is a Brazilian city on the Atlantic coast, known for beaches.'),
('Fortaleza', 'fortaleza', 'Brazil', 'BR', -3.7319, -38.5267, 2700000, 292, 'Fortaleza is a Brazilian city known for beaches and red cliffs.'),
('Santiago', 'santiago', 'Chile', 'CL', -33.4489, -70.6693, 6800000, 291, 'Santiago is Chile''s capital in a valley surrounded by the Andes.'),
('Lima', 'lima', 'Peru', 'PE', -12.0464, -77.0428, 10700000, 290, 'Lima is Peru''s capital on the Pacific coast, gateway to Machu Picchu.'),
('Bogotá', 'bogota', 'Colombia', 'CO', 4.7110, -74.0721, 11200000, 289, 'Bogotá is Colombia''s capital, high in the Andes at 2,640 meters.'),
('Medellín', 'medellin', 'Colombia', 'CO', 6.2476, -75.5658, 2600000, 288, 'Medellín is Colombia''s second city, known for spring-like weather.'),
('Cali', 'cali', 'Colombia', 'CO', 3.4516, -76.5320, 2500000, 287, 'Cali is a Colombian city known as the salsa capital.'),
('Caracas', 'caracas', 'Venezuela', 'VE', 10.4806, -66.9036, 2900000, 286, 'Caracas is Venezuela''s capital in a mountain valley.'),
('Quito', 'quito', 'Ecuador', 'EC', -0.1807, -78.4678, 2800000, 285, 'Quito is Ecuador''s capital, high in the Andes near the equator.'),
('Guayaquil', 'guayaquil', 'Ecuador', 'EC', -2.1710, -79.9224, 2700000, 284, 'Guayaquil is Ecuador''s largest city, a Pacific port.'),
('La Paz', 'la-paz', 'Bolivia', 'BO', -16.4897, -68.1193, 2900000, 283, 'La Paz is Bolivia''s administrative capital, the world''s highest capital.'),
('Asunción', 'asuncion', 'Paraguay', 'PY', -25.2637, -57.5759, 3300000, 282, 'Asunción is Paraguay''s capital on the Paraguay River.'),
('Montevideo', 'montevideo', 'Uruguay', 'UY', -34.9011, -56.1645, 1400000, 281, 'Montevideo is Uruguay''s capital on the Río de la Plata.'),
('Córdoba', 'cordoba', 'Argentina', 'AR', -31.4201, -64.1888, 1600000, 280, 'Córdoba is Argentina''s second city, known for colonial architecture.'),
('Rosario', 'rosario', 'Argentina', 'AR', -32.9468, -60.6393, 1300000, 279, 'Rosario is an Argentine city on the Paraná River.'),
('Mendoza', 'mendoza', 'Argentina', 'AR', -32.8895, -68.8458, 1200000, 278, 'Mendoza is an Argentine city known for Malbec wine.'),
('Valparaíso', 'valparaiso', 'Chile', 'CL', -33.0458, -71.6197, 980000, 277, 'Valparaíso is a Chilean port city known for clifftop homes.'),
('Cusco', 'cusco', 'Peru', 'PE', -13.5319, -71.9675, 430000, 276, 'Cusco was the capital of the Inca Empire, gateway to Machu Picchu.'),
('Arequipa', 'arequipa', 'Peru', 'PE', -16.4090, -71.5375, 1100000, 275, 'Arequipa is Peru''s second city, known for white volcanic stone buildings.'),
('Cartagena', 'cartagena', 'Colombia', 'CO', 10.3910, -75.4794, 1000000, 274, 'Cartagena is a Colombian port on the Caribbean coast with colonial walls.'),
('Santa Cruz', 'santa-cruz', 'Bolivia', 'BO', -17.8146, -63.1561, 1600000, 273, 'Santa Cruz is Bolivia''s largest city in the eastern lowlands.'),
('Georgetown', 'georgetown', 'Guyana', 'GY', 6.8013, -58.1551, 240000, 272, 'Georgetown is Guyana''s capital on the Atlantic Ocean.'),
('Paramaribo', 'paramaribo', 'Suriname', 'SR', 5.8520, -55.2038, 240000, 271, 'Paramaribo is Suriname''s capital on the Suriname River.'),
('Cayenne', 'cayenne', 'French Guiana', 'GF', 4.9371, -52.3260, 65000, 270, 'Cayenne is French Guiana''s capital on the Atlantic coast.'),
('Curitiba', 'curitiba', 'Brazil', 'BR', -25.4284, -49.2733, 1900000, 269, 'Curitiba is a Brazilian city known for urban planning.'),
('Manaus', 'manaus', 'Brazil', 'BR', -3.1190, -60.0217, 2200000, 268, 'Manaus is a Brazilian city in the Amazon rainforest.'),
('Belém', 'belem', 'Brazil', 'BR', -1.4558, -48.4902, 1500000, 267, 'Belém is a Brazilian port city at the mouth of the Amazon.'),
('Natal', 'natal', 'Brazil', 'BR', -5.7945, -35.2110, 890000, 266, 'Natal is a Brazilian coastal city known for beaches and dunes.'),
('João Pessoa', 'joao-pessoa', 'Brazil', 'BR', -7.1195, -34.8450, 820000, 265, 'João Pessoa is a Brazilian coastal city, easternmost point of the Americas.'),
('Maceió', 'maceio', 'Brazil', 'BR', -9.6658, -35.7353, 1030000, 264, 'Maceió is a Brazilian city known for palm-lined beaches.'),
('Florianópolis', 'florianopolis', 'Brazil', 'BR', -27.5954, -48.5480, 510000, 263, 'Florianópolis is a Brazilian city mostly on Santa Catarina Island.'),
('Goiânia', 'goiania', 'Brazil', 'BR', -16.6869, -49.2648, 1550000, 262, 'Goiânia is a planned Brazilian city, capital of Goiás state.'),
('Campo Grande', 'campo-grande', 'Brazil', 'BR', -20.4697, -54.6201, 910000, 261, 'Campo Grande is a Brazilian city, gateway to the Pantanal wetlands.'),
('Santos', 'santos', 'Brazil', 'BR', -23.9608, -46.3336, 430000, 260, 'Santos is Brazil''s main port city, near São Paulo.'),
('Vitória', 'vitoria', 'Brazil', 'BR', -20.3155, -40.3128, 370000, 259, 'Vitória is a Brazilian port city on an island.'),
('Mar del Plata', 'mar-del-plata', 'Argentina', 'AR', -38.0055, -57.5426, 660000, 258, 'Mar del Plata is Argentina''s premier beach resort city.'),
('San Miguel de Tucumán', 'san-miguel-de-tucuman', 'Argentina', 'AR', -26.8083, -65.2176, 900000, 257, 'San Miguel de Tucumán is where Argentina declared independence.'),
('Salta', 'salta', 'Argentina', 'AR', -24.7821, -65.4232, 640000, 256, 'Salta is an Argentine city known for colonial architecture.'),
('Concepción', 'concepcion', 'Chile', 'CL', -36.8261, -73.0498, 990000, 255, 'Concepción is Chile''s second-largest urban area.'),
('Antofagasta', 'antofagasta', 'Chile', 'CL', -23.6500, -70.3954, 430000, 254, 'Antofagasta is a Chilean port city in the Atacama Desert.'),
('Viña del Mar', 'vina-del-mar', 'Chile', 'CL', -33.0246, -71.5518, 360000, 253, 'Viña del Mar is Chile''s premier beach resort city.'),
('Trujillo', 'trujillo', 'Peru', 'PE', -8.1116, -79.0288, 1000000, 252, 'Trujillo is a Peruvian city near Chan Chan archaeological site.'),
('Barranquilla', 'barranquilla', 'Colombia', 'CO', 10.9685, -74.7813, 1300000, 251, 'Barranquilla is Colombia''s main Caribbean port, known for Carnival.'),

-- African Cities (250-201)
('Lagos', 'lagos', 'Nigeria', 'NG', 6.5244, 3.3792, 14900000, 250, 'Lagos is Nigeria''s largest city, a major financial center in Africa.'),
('Kinshasa', 'kinshasa', 'Democratic Republic of Congo', 'CD', -4.4419, 15.2663, 14600000, 249, 'Kinshasa is the capital of DR Congo on the Congo River.'),
('Johannesburg', 'johannesburg', 'South Africa', 'ZA', -26.2041, 28.0473, 5900000, 248, 'Johannesburg is South Africa''s largest city, built on gold mining.'),
('Nairobi', 'nairobi', 'Kenya', 'KE', -1.2921, 36.8219, 5100000, 247, 'Nairobi is Kenya''s capital, with a national park within city limits.'),
('Addis Ababa', 'addis-ababa', 'Ethiopia', 'ET', 9.0320, 38.7469, 5000000, 246, 'Addis Ababa is Ethiopia''s capital, seat of the African Union.'),
('Dar es Salaam', 'dar-es-salaam', 'Tanzania', 'TZ', -6.7924, 39.2083, 6700000, 245, 'Dar es Salaam is Tanzania''s largest city and former capital.'),
('Alexandria', 'alexandria', 'Egypt', 'EG', 31.2001, 29.9187, 5400000, 244, 'Alexandria is Egypt''s second city, ancient center of learning.'),
('Casablanca', 'casablanca', 'Morocco', 'MA', 33.5731, -7.5898, 3800000, 243, 'Casablanca is Morocco''s largest city, a major port and business hub.'),
('Algiers', 'algiers', 'Algeria', 'DZ', 36.7538, 3.0588, 3500000, 242, 'Algiers is Algeria''s capital on the Mediterranean coast.'),
('Tunis', 'tunis', 'Tunisia', 'TN', 36.8065, 10.1815, 2700000, 241, 'Tunis is Tunisia''s capital near ancient Carthage.'),
('Abidjan', 'abidjan', 'Ivory Coast', 'CI', 5.3096, -4.0127, 5400000, 240, 'Abidjan is Ivory Coast''s economic capital on the Atlantic coast.'),
('Dakar', 'dakar', 'Senegal', 'SN', 14.7167, -17.4677, 3100000, 239, 'Dakar is Senegal''s capital on Cape Verde Peninsula.'),
('Accra', 'accra', 'Ghana', 'GH', 5.6037, -0.1870, 2600000, 238, 'Accra is Ghana''s capital on the Atlantic coast.'),
('Luanda', 'luanda', 'Angola', 'AO', -8.8400, 13.2894, 8900000, 237, 'Luanda is Angola''s capital, a major African port.'),
('Durban', 'durban', 'South Africa', 'ZA', -29.8587, 31.0218, 3900000, 236, 'Durban is a South African coastal city with Indian Ocean beaches.'),
('Pretoria', 'pretoria', 'South Africa', 'ZA', -25.7479, 28.2293, 2500000, 235, 'Pretoria is South Africa''s administrative capital.'),
('Port Elizabeth', 'port-elizabeth', 'South Africa', 'ZA', -33.9608, 25.6022, 1200000, 234, 'Port Elizabeth is a South African port city on Algoa Bay.'),
('Kampala', 'kampala', 'Uganda', 'UG', 0.3163, 32.5822, 1700000, 233, 'Kampala is Uganda''s capital near Lake Victoria.'),
('Khartoum', 'khartoum', 'Sudan', 'SD', 15.5007, 32.5599, 5500000, 232, 'Khartoum is Sudan''s capital at the confluence of two Niles.'),
('Rabat', 'rabat', 'Morocco', 'MA', 34.0209, -6.8416, 580000, 231, 'Rabat is Morocco''s capital on the Atlantic Ocean.'),
('Marrakesh', 'marrakesh', 'Morocco', 'MA', 31.6295, -7.9811, 930000, 230, 'Marrakesh is a Moroccan city known for palaces and gardens.'),
('Fez', 'fez', 'Morocco', 'MA', 34.0333, -5.0000, 1200000, 229, 'Fez is a Moroccan city with a medieval medina.'),
('Tripoli', 'tripoli', 'Libya', 'LY', 32.8872, 13.1913, 1200000, 228, 'Tripoli is Libya''s capital on the Mediterranean coast.'),
('Bamako', 'bamako', 'Mali', 'ML', 12.6392, -8.0029, 2700000, 227, 'Bamako is Mali''s capital on the Niger River.'),
('Ouagadougou', 'ouagadougou', 'Burkina Faso', 'BF', 12.3714, -1.5197, 2500000, 226, 'Ouagadougou is Burkina Faso''s capital in West Africa.'),
('Niamey', 'niamey', 'Niger', 'NE', 13.5127, 2.1126, 1300000, 225, 'Niamey is Niger''s capital on the Niger River.'),
('Nouakchott', 'nouakchott', 'Mauritania', 'MR', 18.0858, -15.9785, 1300000, 224, 'Nouakchott is Mauritania''s capital near the Atlantic coast.'),
('Conakry', 'conakry', 'Guinea', 'GN', 9.6412, -13.5784, 2000000, 223, 'Conakry is Guinea''s capital on the Atlantic Ocean.'),
('Freetown', 'freetown', 'Sierra Leone', 'SL', 8.4657, -13.2317, 1200000, 222, 'Freetown is Sierra Leone''s capital on the Atlantic coast.'),
('Monrovia', 'monrovia', 'Liberia', 'LR', 6.2907, -10.7605, 1500000, 221, 'Monrovia is Liberia''s capital on the Atlantic coast.'),
('Abuja', 'abuja', 'Nigeria', 'NG', 9.0765, 7.3986, 3500000, 220, 'Abuja is Nigeria''s capital, a planned city in the center.'),
('Kano', 'kano', 'Nigeria', 'NG', 12.0022, 8.5919, 4100000, 219, 'Kano is a major city in northern Nigeria, ancient trade center.'),
('Ibadan', 'ibadan', 'Nigeria', 'NG', 7.3775, 3.9470, 3600000, 218, 'Ibadan is one of Nigeria''s largest cities in the southwest.'),
('Yaoundé', 'yaounde', 'Cameroon', 'CM', 3.8480, 11.5021, 4100000, 217, 'Yaoundé is Cameroon''s capital in the center of the country.'),
('Douala', 'douala', 'Cameroon', 'CM', 4.0511, 9.7679, 3700000, 216, 'Douala is Cameroon''s largest city and main port.'),
('Libreville', 'libreville', 'Gabon', 'GA', 0.4162, 9.4673, 800000, 215, 'Libreville is Gabon''s capital on the Atlantic coast.'),
('Brazzaville', 'brazzaville', 'Republic of Congo', 'CG', -4.2634, 15.2429, 2400000, 214, 'Brazzaville is Congo''s capital across from Kinshasa.'),
('Bangui', 'bangui', 'Central African Republic', 'CF', 4.3947, 18.5582, 890000, 213, 'Bangui is the Central African Republic''s capital on the Ubangi River.'),
('N''Djamena', 'ndjamena', 'Chad', 'TD', 12.1067, 15.0444, 1500000, 212, 'N''Djamena is Chad''s capital near the Cameroon border.'),
('Kigali', 'kigali', 'Rwanda', 'RW', 1.9403, 29.8739, 1200000, 211, 'Kigali is Rwanda''s capital, known for cleanliness and order.'),
('Bujumbura', 'bujumbura', 'Burundi', 'BI', -3.3822, 29.3644, 1200000, 210, 'Bujumbura is Burundi''s largest city on Lake Tanganyika.'),
('Dodoma', 'dodoma', 'Tanzania', 'TZ', -6.1730, 35.7516, 410000, 209, 'Dodoma is Tanzania''s capital in the country''s center.'),
('Mombasa', 'mombasa', 'Kenya', 'KE', -4.0435, 39.6682, 1200000, 208, 'Mombasa is Kenya''s main port on the Indian Ocean.'),
('Lusaka', 'lusaka', 'Zambia', 'ZM', -15.3875, 28.3228, 2700000, 207, 'Lusaka is Zambia''s capital and largest city.'),
('Harare', 'harare', 'Zimbabwe', 'ZW', -17.8252, 31.0335, 2100000, 206, 'Harare is Zimbabwe''s capital, formerly Salisbury.'),
('Maputo', 'maputo', 'Mozambique', 'MZ', -25.9692, 32.5732, 1100000, 205, 'Maputo is Mozambique''s capital on the Indian Ocean.'),
('Gaborone', 'gaborone', 'Botswana', 'BW', -24.6282, 25.9231, 270000, 204, 'Gaborone is Botswana''s capital near the South African border.'),
('Windhoek', 'windhoek', 'Namibia', 'NA', -22.5594, 17.0832, 450000, 203, 'Windhoek is Namibia''s capital in the country''s center.'),
('Lilongwe', 'lilongwe', 'Malawi', 'MW', -13.9626, 33.7741, 1100000, 202, 'Lilongwe is Malawi''s capital, a planned city.'),
('Antananarivo', 'antananarivo', 'Madagascar', 'MG', -18.8792, 47.5079, 3100000, 201, 'Antananarivo is Madagascar''s capital in the island''s center.'),

-- Oceania and Additional Cities (200-151)
('Perth', 'perth', 'Australia', 'AU', -31.9523, 115.8613, 2100000, 200, 'Perth is one of the most isolated major cities in the world.'),
('Brisbane', 'brisbane', 'Australia', 'AU', -27.4705, 153.0260, 2600000, 199, 'Brisbane is Queensland''s capital on the Brisbane River.'),
('Adelaide', 'adelaide', 'Australia', 'AU', -34.9285, 138.6007, 1400000, 198, 'Adelaide is South Australia''s capital, known for wine regions.'),
('Gold Coast', 'gold-coast', 'Australia', 'AU', -28.0167, 153.4000, 700000, 197, 'Gold Coast is an Australian coastal city known for beaches.'),
('Newcastle', 'newcastle', 'Australia', 'AU', -32.9283, 151.7817, 490000, 196, 'Newcastle is an Australian port city north of Sydney.'),
('Canberra', 'canberra', 'Australia', 'AU', -35.2820, 149.1287, 460000, 195, 'Canberra is Australia''s capital, a planned city.'),
('Wellington', 'wellington', 'New Zealand', 'NZ', -41.2866, 174.7756, 420000, 194, 'Wellington is New Zealand''s capital, known for wind.'),
('Christchurch', 'christchurch', 'New Zealand', 'NZ', -43.5320, 172.6362, 380000, 193, 'Christchurch is New Zealand''s garden city.'),
('Hamilton', 'hamilton', 'New Zealand', 'NZ', -37.7870, 175.2793, 180000, 192, 'Hamilton is a New Zealand city on the Waikato River.'),
('Suva', 'suva', 'Fiji', 'FJ', -18.1416, 178.4415, 180000, 191, 'Suva is Fiji''s capital on the island of Viti Levu.'),
('Port Moresby', 'port-moresby', 'Papua New Guinea', 'PG', -9.4438, 147.1803, 410000, 190, 'Port Moresby is Papua New Guinea''s capital on the Coral Sea.'),
('Honolulu', 'honolulu', 'United States', 'US', 21.3099, -157.8581, 350000, 189, 'Honolulu is Hawaii''s capital on the island of Oahu.'),
('Anchorage', 'anchorage', 'United States', 'US', 61.2181, -149.9003, 290000, 188, 'Anchorage is Alaska''s largest city between mountains and Cook Inlet.'),
('Reykjavik', 'reykjavik', 'Iceland', 'IS', 64.1466, -21.9426, 130000, 187, 'Reykjavik is Iceland''s capital, the world''s northernmost capital.'),
('Bergen', 'bergen', 'Norway', 'NO', 60.3913, 5.3221, 280000, 186, 'Bergen is a Norwegian city known as the gateway to the fjords.'),
('Trondheim', 'trondheim', 'Norway', 'NO', 63.4305, 10.3951, 200000, 185, 'Trondheim is a Norwegian city with medieval Nidaros Cathedral.'),
('Gothenburg', 'gothenburg', 'Sweden', 'SE', 57.7089, 11.9746, 580000, 184, 'Gothenburg is Sweden''s second city, a major port.'),
('Malmö', 'malmo', 'Sweden', 'SE', 55.6049, 13.0038, 350000, 183, 'Malmö is a Swedish city connected to Copenhagen by bridge.'),
('Aarhus', 'aarhus', 'Denmark', 'DK', 56.1629, 10.2039, 350000, 182, 'Aarhus is Denmark''s second-largest city, European Capital of Culture 2017.'),
('Tampere', 'tampere', 'Finland', 'FI', 61.4978, 23.7610, 240000, 181, 'Tampere is Finland''s second city between two lakes.'),
('Turku', 'turku', 'Finland', 'FI', 60.4518, 22.2666, 190000, 180, 'Turku is Finland''s oldest city and former capital.'),
('Cork', 'cork', 'Ireland', 'IE', 51.8985, -8.4756, 210000, 179, 'Cork is Ireland''s second city, built on the River Lee.'),
('Belfast', 'belfast', 'United Kingdom', 'GB', 54.5973, -5.9301, 340000, 178, 'Belfast is Northern Ireland''s capital, known for Titanic history.'),
('Cardiff', 'cardiff', 'United Kingdom', 'GB', 51.4816, -3.1791, 370000, 177, 'Cardiff is Wales'' capital on the south coast.'),
('Leeds', 'leeds', 'United Kingdom', 'GB', 53.8008, -1.5491, 790000, 176, 'Leeds is a major UK city in Yorkshire.'),
('Sheffield', 'sheffield', 'United Kingdom', 'GB', 53.3811, -1.4701, 580000, 175, 'Sheffield is an English city known for steel production.'),
('Bristol', 'bristol', 'United Kingdom', 'GB', 51.4545, -2.5879, 460000, 174, 'Bristol is an English city with maritime history.'),
('Nottingham', 'nottingham', 'United Kingdom', 'GB', 52.9548, -1.1581, 330000, 173, 'Nottingham is an English city associated with Robin Hood.'),
('Leicester', 'leicester', 'United Kingdom', 'GB', 52.6369, -1.1398, 360000, 172, 'Leicester is an English city with Roman history.'),
('Düsseldorf', 'dusseldorf', 'Germany', 'DE', 51.2277, 6.7735, 620000, 171, 'Düsseldorf is a German city known for fashion and art.'),
('Stuttgart', 'stuttgart', 'Germany', 'DE', 48.7758, 9.1829, 630000, 170, 'Stuttgart is home to Mercedes-Benz and Porsche headquarters.'),
('Nuremberg', 'nuremberg', 'Germany', 'DE', 49.4521, 11.0767, 520000, 169, 'Nuremberg is a Bavarian city with medieval architecture.'),
('Leipzig', 'leipzig', 'Germany', 'DE', 51.3397, 12.3731, 600000, 168, 'Leipzig is a German city known for music and trade fairs.'),
('Dresden', 'dresden', 'Germany', 'DE', 51.0504, 13.7373, 550000, 167, 'Dresden is known as Florence on the Elbe for baroque architecture.'),
('Hannover', 'hannover', 'Germany', 'DE', 52.3759, 9.7320, 540000, 166, 'Hannover is a German city known for trade fairs.'),
('Bremen', 'bremen', 'Germany', 'DE', 53.0793, 8.8017, 570000, 165, 'Bremen is a German port city on the Weser River.'),
('Bologna', 'bologna', 'Italy', 'IT', 44.4949, 11.3426, 390000, 164, 'Bologna is an Italian city known for cuisine and university.'),
('Genoa', 'genoa', 'Italy', 'IT', 44.4056, 8.9463, 580000, 163, 'Genoa is Italy''s main port, birthplace of Columbus.'),
('Palermo', 'palermo', 'Italy', 'IT', 38.1157, 13.3615, 670000, 162, 'Palermo is Sicily''s capital with Arab-Norman architecture.'),
('Catania', 'catania', 'Italy', 'IT', 37.5079, 15.0830, 310000, 161, 'Catania is a Sicilian city at the foot of Mount Etna.'),
('Málaga', 'malaga', 'Spain', 'ES', 36.7213, -4.4213, 580000, 160, 'Málaga is a Costa del Sol resort city, birthplace of Picasso.'),
('Zaragoza', 'zaragoza', 'Spain', 'ES', 41.6488, -0.8891, 670000, 159, 'Zaragoza is a Spanish city on the Ebro River.'),
('Palma', 'palma', 'Spain', 'ES', 39.5696, 2.6502, 420000, 158, 'Palma is the capital of Mallorca in the Balearic Islands.'),
('Las Palmas', 'las-palmas', 'Spain', 'ES', 28.1235, -15.4363, 380000, 157, 'Las Palmas is a city on Gran Canaria in the Canary Islands.'),
('Toulouse', 'toulouse', 'France', 'FR', 43.6047, 1.4442, 490000, 156, 'Toulouse is a French city known for aerospace industry.'),
('Strasbourg', 'strasbourg', 'France', 'FR', 48.5734, 7.7521, 280000, 155, 'Strasbourg is home to the European Parliament.'),
('Lille', 'lille', 'France', 'FR', 50.6292, 3.0573, 230000, 154, 'Lille is a French city near the Belgian border.'),
('Nantes', 'nantes', 'France', 'FR', 47.2184, -1.5536, 310000, 153, 'Nantes is a French city on the Loire River.'),
('Montpellier', 'montpellier', 'France', 'FR', 43.6108, 3.8767, 290000, 152, 'Montpellier is a university city in southern France.'),
('Linz', 'linz', 'Austria', 'AT', 48.3064, 14.2858, 200000, 151, 'Linz is Austria''s third city on the Danube River.'),

-- Additional Global Cities (150-101)
('Graz', 'graz', 'Austria', 'AT', 47.0707, 15.4395, 290000, 150, 'Graz is Austria''s second city with well-preserved old town.'),
('Split', 'split', 'Croatia', 'HR', 43.5081, 16.4402, 180000, 149, 'Split is a Croatian coastal city with Diocletian''s Palace.'),
('Dubrovnik', 'dubrovnik', 'Croatia', 'HR', 42.6507, 18.0944, 42000, 148, 'Dubrovnik is a Croatian city known as Pearl of the Adriatic.'),
('Sarajevo', 'sarajevo', 'Bosnia and Herzegovina', 'BA', 43.8563, 18.4131, 420000, 147, 'Sarajevo is Bosnia''s capital, site of WWI''s start.'),
('Skopje', 'skopje', 'North Macedonia', 'MK', 41.9973, 21.4280, 540000, 146, 'Skopje is North Macedonia''s capital on the Vardar River.'),
('Tirana', 'tirana', 'Albania', 'AL', 41.3275, 19.8187, 480000, 145, 'Tirana is Albania''s capital with colorful Ottoman buildings.'),
('Thessaloniki', 'thessaloniki', 'Greece', 'GR', 40.6401, 22.9444, 320000, 144, 'Thessaloniki is Greece''s second city, a major port.'),
('Ankara', 'ankara', 'Turkey', 'TR', 39.9334, 32.8597, 5600000, 143, 'Ankara is Turkey''s capital in central Anatolia.'),
('Izmir', 'izmir', 'Turkey', 'TR', 38.4237, 27.1428, 4400000, 142, 'Izmir is Turkey''s third city on the Aegean coast.'),
('Bursa', 'bursa', 'Turkey', 'TR', 40.1826, 29.0665, 3100000, 141, 'Bursa was the first capital of the Ottoman Empire.'),
('Antalya', 'antalya', 'Turkey', 'TR', 36.8841, 30.7056, 2600000, 140, 'Antalya is Turkey''s principal resort city on the Mediterranean.'),
('Nicosia', 'nicosia', 'Cyprus', 'CY', 35.1856, 33.3823, 270000, 139, 'Nicosia is Cyprus'' divided capital, last divided capital in Europe.'),
('Valletta', 'valletta', 'Malta', 'MT', 35.8989, 14.5146, 6000, 138, 'Valletta is Malta''s capital, a UNESCO World Heritage site.'),
('San Marino', 'san-marino', 'San Marino', 'SM', 43.9424, 12.4578, 4000, 137, 'San Marino is the capital of the world''s oldest republic.'),
('Andorra la Vella', 'andorra-la-vella', 'Andorra', 'AD', 42.5063, 1.5218, 23000, 136, 'Andorra la Vella is Europe''s highest capital city.'),
('Monaco', 'monaco', 'Monaco', 'MC', 43.7333, 7.4167, 39000, 135, 'Monaco is a sovereign city-state on the French Riviera.'),
('Vatican City', 'vatican-city', 'Vatican City', 'VA', 41.9029, 12.4534, 800, 134, 'Vatican City is the world''s smallest country, seat of the Pope.'),
('Gibraltar', 'gibraltar', 'Gibraltar', 'GI', 36.1408, -5.3536, 34000, 133, 'Gibraltar is a British territory at Spain''s southern tip.'),
('Minsk', 'minsk', 'Belarus', 'BY', 53.9006, 27.5590, 2000000, 132, 'Minsk is Belarus'' capital, rebuilt after WWII.'),
('Kiev', 'kiev', 'Ukraine', 'UA', 50.4501, 30.5234, 3000000, 131, 'Kiev is Ukraine''s capital on the Dnieper River.'),
('Odessa', 'odessa', 'Ukraine', 'UA', 46.4825, 30.7233, 1000000, 130, 'Odessa is Ukraine''s main port on the Black Sea.'),
('Kharkiv', 'kharkiv', 'Ukraine', 'UA', 49.9935, 36.2304, 1400000, 129, 'Kharkiv is Ukraine''s second city in the northeast.'),
('Chisinau', 'chisinau', 'Moldova', 'MD', 47.0105, 28.8638, 640000, 128, 'Chisinau is Moldova''s capital and largest city.'),
('St. Petersburg', 'st-petersburg', 'Russia', 'RU', 59.9311, 30.3609, 5400000, 127, 'St. Petersburg is Russia''s cultural capital on the Baltic.'),
('Novosibirsk', 'novosibirsk', 'Russia', 'RU', 55.0084, 82.9357, 1600000, 126, 'Novosibirsk is Russia''s third city, capital of Siberia.'),
('Yekaterinburg', 'yekaterinburg', 'Russia', 'RU', 56.8389, 60.6057, 1500000, 125, 'Yekaterinburg is on the border of Europe and Asia.'),
('Vladivostok', 'vladivostok', 'Russia', 'RU', 43.1332, 131.9113, 600000, 124, 'Vladivostok is Russia''s main Pacific port.'),
('Sochi', 'sochi', 'Russia', 'RU', 43.6028, 39.7342, 440000, 123, 'Sochi is a Russian resort city on the Black Sea.'),
('Astana', 'astana', 'Kazakhstan', 'KZ', 51.1605, 71.4704, 1200000, 122, 'Astana (Nur-Sultan) is Kazakhstan''s futuristic capital.'),
('Bishkek', 'bishkek', 'Kyrgyzstan', 'KG', 42.8746, 74.5698, 1100000, 121, 'Bishkek is Kyrgyzstan''s capital near the Tian Shan mountains.'),
('Dushanbe', 'dushanbe', 'Tajikistan', 'TJ', 38.5598, 68.7870, 860000, 120, 'Dushanbe is Tajikistan''s capital, meaning Monday in Persian.'),
('Ashgabat', 'ashgabat', 'Turkmenistan', 'TM', 37.9601, 58.3261, 1000000, 119, 'Ashgabat is Turkmenistan''s marble-clad capital.'),
('Kabul', 'kabul', 'Afghanistan', 'AF', 34.5553, 69.2075, 4600000, 118, 'Kabul is Afghanistan''s capital in a narrow valley.'),
('Ulaanbaatar', 'ulaanbaatar', 'Mongolia', 'MN', 47.8864, 106.9057, 1500000, 117, 'Ulaanbaatar is Mongolia''s capital, the world''s coldest capital.'),
('Pyongyang', 'pyongyang', 'North Korea', 'KP', 39.0392, 125.7625, 2900000, 116, 'Pyongyang is North Korea''s capital on the Taedong River.'),
('Busan', 'busan', 'South Korea', 'KR', 35.1796, 129.0756, 3400000, 115, 'Busan is South Korea''s second city, a major port.'),
('Incheon', 'incheon', 'South Korea', 'KR', 37.4563, 126.7052, 3000000, 114, 'Incheon is a South Korean city with major airport hub.'),
('Daegu', 'daegu', 'South Korea', 'KR', 35.8714, 128.6014, 2400000, 113, 'Daegu is South Korea''s fourth largest city.'),
('Yokohama', 'yokohama', 'Japan', 'JP', 35.4437, 139.6380, 3700000, 112, 'Yokohama is Japan''s second city, south of Tokyo.'),
('Nagoya', 'nagoya', 'Japan', 'JP', 35.1815, 136.9066, 2300000, 111, 'Nagoya is Japan''s fourth largest city, industrial center.'),
('Sapporo', 'sapporo', 'Japan', 'JP', 43.0642, 141.3469, 2000000, 110, 'Sapporo is the capital of Hokkaido, known for snow festival.'),
('Kobe', 'kobe', 'Japan', 'JP', 34.6901, 135.1955, 1500000, 109, 'Kobe is a Japanese port city known for beef.'),
('Fukuoka', 'fukuoka', 'Japan', 'JP', 33.5904, 130.4017, 1600000, 108, 'Fukuoka is a Japanese city on Kyushu island.'),
('Hiroshima', 'hiroshima', 'Japan', 'JP', 34.3853, 132.4553, 1200000, 107, 'Hiroshima was rebuilt after atomic bombing in 1945.'),
('Sendai', 'sendai', 'Japan', 'JP', 38.2682, 140.8694, 1100000, 106, 'Sendai is the largest city in Japan''s Tohoku region.'),
('Kaohsiung', 'kaohsiung', 'Taiwan', 'TW', 22.6273, 120.3014, 2800000, 105, 'Kaohsiung is Taiwan''s second city and largest port.'),
('Taichung', 'taichung', 'Taiwan', 'TW', 24.1469, 120.6839, 2800000, 104, 'Taichung is Taiwan''s second largest city.'),
('Tainan', 'tainan', 'Taiwan', 'TW', 22.9908, 120.2133, 1900000, 103, 'Tainan is Taiwan''s former capital with temples.'),
('Macau', 'macau', 'Macau', 'MO', 22.1987, 113.5439, 680000, 102, 'Macau is a special administrative region known for casinos.'),
('Nanjing', 'nanjing', 'China', 'CN', 32.0603, 118.7969, 9400000, 101, 'Nanjing is a former Chinese capital on the Yangtze River.');